,characterID,combatShipsLost,exploShipsLost,miningShipsLost,otherShipsLost,secStatus,shipsDestroyed,soloRatio
0,90000654.0,8.0,4.0,5.0,0.0,5.0031004330848,1.0,10.0
1,90001581.0,97.0,5.0,1.0,0.0,2.8178070541421,6251.0,6.0
2,90001595.0,61.0,0.0,0.0,0.0,-2.0153095389777,752.0,0.0
3,90002023.0,22.0,1.0,0.0,4.0,5.0027688790203,43.0,5.0
4,90002030.0,74.0,0.0,1.0,1.0,3.0902037969939,301.0,7.0
5,90002750.0,61.0,1.0,0.0,2.0,-0.094398633871009,902.0,0.0
6,90003030.0,323.0,1.0,0.0,2.0,-9.9872548696782,0.0,4.0
7,90003504.0,12.0,3.0,2.0,1.0,5.0185164894635,22.0,16.0
8,90004264.0,94.0,8.0,1.0,3.0,3.1721915699328,819.0,3.0
9,90004603.0,37.0,0.0,1.0,0.0,5.004198663078,287.0,1.0
10,90005063.0,89.0,7.0,0.0,0.0,-2.2465096864303,764.0,0.0
11,90005120.0,28.0,0.0,0.0,0.0,2.5718863821228,522.0,1.0
12,90005502.0,4.0,0.0,1.0,0.0,1.0806945324728,1.0,5.0
13,90006687.0,8.0,2.0,0.0,0.0,5.005867924054,25.0,8.0
14,90006830.0,152.0,2.0,3.0,1.0,4.6908091328418,1157.0,5.0
15,90009066.0,204.0,5.0,0.0,0.0,-1.3989419824707,1056.0,13.0
16,90009405.0,30.0,2.0,1.0,0.0,5.0018866537653,290.0,3.0
17,90009435.0,39.0,0.0,0.0,0.0,5.0063194686038,59.0,3.0
18,90009496.0,5.0,0.0,0.0,0.0,5.0049029464516,1.0,5.0
19,90010265.0,164.0,2.0,3.0,1.0,0.96212420751417,2728.0,1.0
20,90010991.0,8.0,2.0,1.0,2.0,5.0043307381647,214.0,5.0
21,90011513.0,19.0,2.0,1.0,0.0,5.0054192048577,52.0,3.0
22,90011837.0,167.0,9.0,1.0,1.0,0.86160167769991,991.0,5.0
23,90013179.0,61.0,16.0,6.0,3.0,3.7079100408607,45.0,4.0
24,90014012.0,1025.0,12.0,0.0,0.0,0.19038740755854,4015.0,20.0
25,90014143.0,37.0,18.0,3.0,3.0,0.82194966740714,104.0,2.0
26,90015799.0,16.0,1.0,1.0,0.0,4.4872251889325,18.0,16.0
27,90016126.0,53.0,0.0,4.0,0.0,5.0020080839087,55.0,9.0
28,90016824.0,332.0,3.0,1.0,4.0,-4.6171483440586,5667.0,1.0
29,90017571.0,31.0,9.0,7.0,6.0,4.858837114617,132.0,7.0
30,90017717.0,38.0,0.0,0.0,0.0,0.67449526506475,365.0,10.0
31,90018527.0,10.0,1.0,1.0,0.0,5.0066922703367,3.0,5.0
32,90018615.0,1026.0,9.0,0.0,3.0,-0.88541330770155,2005.0,36.0
33,90018783.0,50.0,1.0,0.0,0.0,1.6287133356919,1.0,15.0
34,90018978.0,53.0,0.0,0.0,0.0,4.5991698773468,449.0,0.0
35,90019015.0,78.0,2.0,3.0,3.0,-0.06380652590118,2136.0,1.0
36,90019946.0,36.0,1.0,14.0,4.0,5.0008157517391,5.0,20.0
37,90021535.0,7.0,3.0,0.0,0.0,0.20612408800465,77.0,15.0
38,90021950.0,22.0,7.0,2.0,0.0,5.0059256588568,361.0,5.0
39,90022620.0,107.0,5.0,4.0,2.0,1.829588078415,629.0,12.0
40,90022626.0,267.0,1.0,2.0,0.0,-1.4907358867785,1405.0,19.0
41,90023008.0,21.0,0.0,2.0,0.0,4.6649418349267,32.0,3.0
42,90023178.0,238.0,1.0,0.0,0.0,-9.7301729551361,4599.0,16.0
43,90023362.0,19.0,1.0,0.0,1.0,5.005784516037,365.0,0.0
44,90024322.0,314.0,3.0,0.0,0.0,-0.78387062080853,680.0,9.0
45,90024579.0,14.0,0.0,3.0,0.0,5.0082139084809,76.0,5.0
46,90025989.0,95.0,6.0,10.0,1.0,5.0013574787102,776.0,13.0
47,90026464.0,26.0,1.0,0.0,0.0,4.9869844867038,49.0,12.0
48,90026604.0,522.0,1.0,0.0,0.0,4.1279277942154,7978.0,3.0
49,90027677.0,376.0,1.0,0.0,13.0,5.0077314423117,11269.0,0.0
50,90028230.0,63.0,8.0,6.0,0.0,3.8103928105728,548.0,6.0
51,90028250.0,31.0,0.0,0.0,0.0,1.6849854395716,100.0,9.0
52,90028633.0,124.0,5.0,3.0,0.0,5.0088077265478,160.0,8.0
53,90028889.0,3.0,1.0,1.0,0.0,5.0062461821271,42.0,9.0
54,90028937.0,132.0,2.0,0.0,3.0,-3.553520347527,1022.0,9.0
55,90029124.0,96.0,9.0,13.0,18.0,5.0033939528841,778.0,2.0
56,90029655.0,55.0,0.0,0.0,21.0,4.6543107216869,1193.0,0.0
57,90030350.0,7.0,0.0,0.0,0.0,0.16925761826901,1.0,5.0
58,90031293.0,414.0,18.0,5.0,2.0,4.4943138929988,4798.0,0.0
59,90031561.0,8.0,0.0,0.0,0.0,3.0913767064468,9.0,44.0
60,90031894.0,8.0,1.0,0.0,0.0,-0.062942953689886,57.0,3.0
61,90032357.0,10.0,0.0,0.0,0.0,5.0069785384268,644.0,0.0
62,90034596.0,62.0,10.0,9.0,0.0,5.0053119175709,14.0,7.0
63,90035216.0,11.0,0.0,1.0,0.0,5.0002518271962,145.0,5.0
64,90035374.0,21.0,1.0,0.0,1.0,2.7347397855102,261.0,0.0
65,90036183.0,148.0,2.0,0.0,0.0,5.0069639513395,2351.0,0.0
66,90036678.0,74.0,0.0,1.0,0.0,-0.22635890284973,156.0,1.0
67,90036781.0,232.0,4.0,0.0,1.0,5.0087919550402,1422.0,4.0
68,90037483.0,3416.0,0.0,0.0,0.0,-0.171505377539,3359.0,71.0
69,90037628.0,48.0,8.0,7.0,0.0,5.0054743505934,47.0,5.0
70,90037956.0,29.0,2.0,0.0,0.0,5.0028557447284,74.0,6.0
71,90038485.0,7.0,8.0,1.0,0.0,2.1858131449993,1.0,100.0
72,90038883.0,55.0,5.0,2.0,1.0,4.8021986186471,536.0,0.0
73,90039160.0,13.0,0.0,2.0,0.0,1.8302923578858,506.0,1.0
74,90039353.0,5.0,0.0,1.0,2.0,0.022290858712236,52.0,5.0
75,90039389.0,36.0,0.0,13.0,0.0,1.7772084411409,23.0,5.0
76,90040281.0,23.0,1.0,0.0,0.0,4.3046266619756,158.0,16.0
77,90041993.0,70.0,1.0,0.0,1.0,4.4238886357484,1539.0,3.0
78,90041998.0,28.0,0.0,0.0,0.0,3.9562359799766,28.0,5.0
79,90042585.0,120.0,4.0,0.0,0.0,2.2701313105352,1802.0,1.0
80,90043792.0,27.0,0.0,3.0,1.0,4.583375247294,44.0,4.0
81,90043887.0,9.0,0.0,0.0,0.0,5.0000726766368,29.0,7.0
82,90044577.0,88.0,13.0,5.0,0.0,5.002992815307,93.0,5.0
83,90045135.0,142.0,6.0,0.0,9.0,4.8976307475502,3373.0,0.0
84,90045240.0,139.0,5.0,1.0,4.0,3.7031238029803,1566.0,2.0
85,90046258.0,13.0,0.0,0.0,0.0,1.3026881399252,4.0,5.0
86,90047468.0,8.0,4.0,11.0,4.0,5.0006231089024,11.0,9.0
87,90047488.0,126.0,2.0,4.0,0.0,5.0061011028737,690.0,4.0
88,90048060.0,19.0,3.0,0.0,3.0,5.0038149437836,80.0,6.0
89,90048784.0,80.0,1.0,5.0,6.0,3.5347156146594,0.0,5.0
90,90049974.0,57.0,0.0,1.0,0.0,-0.14082737579523,506.0,7.0
91,90050335.0,47.0,1.0,3.0,9.0,4.8783073016594,425.0,0.0
92,90053100.0,333.0,1.0,9.0,59.0,5.0050664607734,1910.0,21.0
93,90053921.0,3.0,2.0,0.0,0.0,5.003433078304,4.0,25.0
94,90054957.0,840.0,10.0,0.0,1.0,-5.88281009039,4443.0,9.0
95,90055643.0,11.0,9.0,0.0,0.0,3.8792043276908,2.0,100.0
96,90055860.0,99.0,0.0,0.0,0.0,2.51977218116,731.0,6.0
97,90055987.0,5.0,1.0,5.0,0.0,3.7894657671388,1.0,100.0
98,90056432.0,55.0,1.0,3.0,4.0,3.9817283445205,237.0,5.0
99,90056523.0,143.0,0.0,0.0,7.0,5.0076961782168,2938.0,1.0
100,90059059.0,62.0,1.0,2.0,0.0,5.0105837453249,349.0,1.0
101,90059118.0,16.0,0.0,0.0,0.0,-1.9365050497607,0.0,18.0
102,90059631.0,79.0,6.0,0.0,0.0,0.37069136224763,0.0,21.0
103,90060223.0,42.0,3.0,1.0,0.0,5.0003788216126,0.0,0.0
104,90060833.0,0.0,2.0,1.0,0.0,0.025343675112815,0.0,5.0
105,90061424.0,473.0,0.0,2.0,4.0,5.0054311661488,0.0,9.0
106,90064386.0,296.0,1.0,0.0,3.0,-1.8149204135948,0.0,26.0
107,90064465.0,22.0,0.0,0.0,0.0,0.00035,0.0,15.0
108,90064627.0,25.0,0.0,0.0,0.0,5.0013024357036,0.0,0.0
109,90064803.0,79.0,0.0,0.0,0.0,4.3923585241723,0.0,0.0
110,90065405.0,256.0,4.0,0.0,9.0,5.001110543368,0.0,3.0
111,90065536.0,18.0,0.0,0.0,9.0,4.0774136911269,0.0,0.0
112,90067079.0,59.0,3.0,1.0,4.0,-2.036142261575,0.0,5.0
113,90067218.0,14.0,1.0,2.0,0.0,2.9281352720283,0.0,21.0
114,90067541.0,9.0,0.0,1.0,1.0,5.0057323444267,0.0,8.0
115,90067808.0,38.0,7.0,1.0,0.0,2.3550554676828,0.0,56.0
116,90067849.0,22.0,0.0,0.0,0.0,0.25347655352016,0.0,3.0
117,90067923.0,75.0,1.0,3.0,21.0,5.0044525687846,0.0,0.0
118,90068146.0,11.0,0.0,1.0,0.0,5.0005208670611,0.0,5.0
119,90068753.0,85.0,6.0,0.0,2.0,1.702381892186,0.0,3.0
120,90069533.0,249.0,2.0,3.0,16.0,3.1850300389491,0.0,0.0
121,90070556.0,149.0,2.0,3.0,0.0,5.0034040686835,0.0,4.0
122,90070691.0,6.0,0.0,0.0,0.0,1.5868674288577,0.0,100.0
123,90071019.0,117.0,4.0,5.0,4.0,-1.5947828053335,0.0,15.0
124,90071666.0,17.0,0.0,0.0,0.0,-0.46649357636975,0.0,38.0
125,90073092.0,142.0,2.0,0.0,0.0,2.3484161977942,0.0,12.0
126,90073383.0,2.0,0.0,0.0,0.0,0.0,0.0,50.0
127,90073477.0,16.0,0.0,5.0,0.0,5.0062550142558,0.0,9.0
128,90074492.0,26.0,2.0,2.0,0.0,2.9617322743438,0.0,0.0
129,90074699.0,98.0,5.0,7.0,2.0,5.0055463273805,0.0,8.0
130,90075282.0,37.0,3.0,9.0,2.0,5.0038429549098,0.0,0.0
131,90076427.0,76.0,1.0,5.0,4.0,5.0034660573524,0.0,9.0
132,90076517.0,23.0,0.0,0.0,3.0,3.8257708999936,0.0,2.0
133,90076794.0,588.0,9.0,8.0,10.0,5.0028743478369,0.0,4.0
134,90077194.0,587.0,5.0,1.0,4.0,5.0007072520872,0.0,4.0
135,90077341.0,77.0,1.0,0.0,1.0,5.0021669172337,0.0,0.0
136,90078503.0,71.0,1.0,9.0,4.0,4.2091213501924,0.0,5.0
137,90079484.0,59.0,5.0,1.0,3.0,3.68343216418,0.0,9.0
138,90080027.0,46.0,0.0,0.0,0.0,5.0055136882249,0.0,0.0
139,90080396.0,46.0,0.0,4.0,1.0,-2.4828463776266,0.0,6.0
140,90080499.0,237.0,2.0,1.0,13.0,5.0038706608813,0.0,3.0
141,90080519.0,243.0,1.0,1.0,35.0,5.0090628057003,0.0,1.0
142,90081008.0,443.0,0.0,1.0,0.0,-0.13347348560921,0.0,16.0
143,90083543.0,12.0,9.0,0.0,0.0,0.94580496625753,0.0,7.0
144,90083728.0,416.0,3.0,1.0,23.0,-9.6333646432924,0.0,1.0
145,90084101.0,73.0,0.0,1.0,0.0,0.59916994839083,0.0,2.0
146,90084649.0,82.0,7.0,6.0,16.0,-0.1119867893421,0.0,7.0
147,90085011.0,10.0,0.0,3.0,1.0,5.0020968535021,0.0,33.0
148,90085245.0,129.0,21.0,0.0,2.0,5.0028239782958,0.0,5.0
149,90085264.0,3.0,0.0,0.0,0.0,-4.341002116698,0.0,5.0
150,90085446.0,22.0,1.0,3.0,1.0,2.05922098033,0.0,20.0
151,90087633.0,58.0,0.0,0.0,1.0,5.0083678645114,0.0,19.0
152,90088233.0,9.0,0.0,0.0,0.0,1.831395713241,0.0,37.0
153,90088622.0,590.0,2.0,3.0,1.0,5.0015267769463,0.0,4.0
154,90089934.0,36.0,0.0,6.0,1.0,4.8455214761259,0.0,33.0
155,90090542.0,228.0,0.0,0.0,3.0,-0.67525101154225,0.0,2.0
156,90091434.0,7.0,0.0,0.0,15.0,5.000895346025,0.0,9.0
157,90091557.0,109.0,0.0,0.0,0.0,-4.9674128699562,0.0,6.0
158,90092200.0,27.0,1.0,3.0,1.0,2.4465757065035,0.0,2.0
159,90093539.0,17.0,1.0,1.0,0.0,5.0010706564227,0.0,0.0
160,90094933.0,2.0,0.0,0.0,0.0,5.0035350748985,0.0,5.0
161,90096643.0,119.0,1.0,0.0,0.0,5.0045411806088,0.0,10.0
162,90096741.0,22.0,0.0,0.0,1.0,-3.879688663289,0.0,20.0
163,90098375.0,6.0,0.0,1.0,0.0,1.7411191284329,0.0,10.0
164,90098579.0,623.0,3.0,20.0,0.0,-2.2786422323361,0.0,7.0
165,90098696.0,263.0,0.0,0.0,0.0,-1.9253812496414,0.0,22.0
166,90099087.0,428.0,1.0,0.0,1.0,-9.9999970702909,0.0,1.0
167,90100185.0,25.0,0.0,11.0,0.0,5.0047727641898,0.0,33.0
168,90101389.0,346.0,5.0,0.0,1.0,1.8722239572679,0.0,11.0
169,90103603.0,220.0,2.0,0.0,2.0,2.4647549253804,0.0,7.0
170,90104743.0,254.0,0.0,2.0,0.0,4.898997914198,0.0,3.0
171,90105338.0,71.0,2.0,1.0,10.0,3.9826958611111,0.0,4.0
172,90105898.0,349.0,0.0,6.0,0.0,5.0389625451945,0.0,8.0
173,90107110.0,549.0,1.0,0.0,8.0,-9.917843437791,0.0,6.0
174,90107349.0,151.0,0.0,2.0,0.0,5.0004761750383,0.0,6.0
175,90107900.0,18.0,2.0,0.0,0.0,-0.74197623894091,0.0,1.0
176,90108325.0,86.0,0.0,0.0,1.0,-1.8957069028158,0.0,3.0
177,90108531.0,201.0,0.0,0.0,0.0,-4.527281925237,0.0,5.0
178,90108576.0,13.0,2.0,17.0,10.0,5.0077012668379,0.0,60.0
179,90108981.0,147.0,0.0,27.0,0.0,4.1269899027617,0.0,6.0
180,90109322.0,5.0,0.0,0.0,0.0,-0.037179710348442,0.0,14.0
181,90109796.0,208.0,0.0,0.0,8.0,2.7998690396525,0.0,3.0
182,90110323.0,295.0,4.0,1.0,5.0,-0.28971999545797,0.0,24.0
183,90110870.0,0.0,1.0,0.0,3.0,1.6571319168035,0.0,100.0
184,90111005.0,30.0,0.0,1.0,1.0,5.000107042718,0.0,0.0
185,90111681.0,19.0,0.0,0.0,1.0,4.9273320224127,0.0,8.0
186,90112755.0,21.0,0.0,0.0,0.0,5.0045206755237,0.0,5.0
187,90114121.0,5.0,0.0,0.0,1.0,5.0021447112404,0.0,43.0
188,90114202.0,270.0,0.0,0.0,0.0,-2.8697467716258,0.0,5.0
189,90114894.0,53.0,0.0,18.0,1.0,5.0045293511112,0.0,3.0
190,90115217.0,96.0,0.0,0.0,0.0,-1.1086980568905,0.0,29.0
191,90115825.0,74.0,0.0,2.0,1.0,5.0043641677763,0.0,0.0
192,90116630.0,5.0,0.0,0.0,0.0,5.0014267867232,0.0,5.0
193,90117351.0,35.0,1.0,0.0,0.0,2.4604907046819,0.0,5.0
194,90118901.0,41.0,0.0,0.0,0.0,0.75611839977124,0.0,5.0
195,90119586.0,158.0,0.0,0.0,11.0,5.0029455759904,0.0,0.0
196,90120061.0,20.0,1.0,7.0,3.0,5.0040156347518,0.0,10.0
197,90120981.0,43.0,5.0,18.0,0.0,2.5491353839746,0.0,5.0
198,90122814.0,241.0,11.0,0.0,1.0,-0.77832630790773,0.0,1.0
199,90123521.0,30.0,0.0,0.0,0.0,5.0008761677041,0.0,9.0
200,90124165.0,13.0,0.0,0.0,0.0,-1.8953113753688,0.0,13.0
201,90125007.0,73.0,2.0,0.0,0.0,5.0036617243854,0.0,3.0
202,90125199.0,475.0,1.0,0.0,9.0,-8.0464272634397,0.0,1.0
203,90127225.0,73.0,3.0,0.0,2.0,2.0461634477787,0.0,4.0
204,90127823.0,2.0,1.0,0.0,1.0,-0.28680160138243,0.0,35.0
205,90127938.0,62.0,0.0,1.0,17.0,-1.8571707847707,0.0,0.0
206,90128316.0,5.0,0.0,0.0,0.0,0.44688690388791,0.0,27.0
207,90128397.0,7.0,0.0,0.0,1.0,5.0039989546085,0.0,34.0
208,90128938.0,4.0,0.0,4.0,0.0,4.6909908126817,0.0,6.0
209,90129026.0,286.0,2.0,0.0,0.0,-0.32904698708579,0.0,9.0
210,90131477.0,514.0,0.0,0.0,7.0,-6.026981273825,0.0,13.0
211,90131743.0,140.0,0.0,0.0,0.0,-2.3274275019825,0.0,0.0
212,90131802.0,283.0,0.0,0.0,0.0,-0.17523610137188,0.0,20.0
213,90132734.0,84.0,2.0,2.0,4.0,-1.5051623607907,0.0,2.0
214,90132863.0,20.0,0.0,0.0,0.0,5.0004096403641,0.0,12.0
215,90133042.0,162.0,0.0,0.0,2.0,4.9654808331729,0.0,0.0
216,90134554.0,173.0,0.0,10.0,12.0,5.0036429804224,0.0,6.0
217,90134757.0,74.0,0.0,5.0,0.0,-0.3452432365988,0.0,15.0
218,90134827.0,149.0,0.0,1.0,5.0,5.0035810063958,0.0,1.0
219,90135757.0,138.0,5.0,0.0,0.0,5.0126951470477,0.0,0.0
220,90135877.0,39.0,0.0,1.0,0.0,5.0011109372423,0.0,5.0
221,90136317.0,42.0,5.0,0.0,0.0,2.4127757671641,0.0,66.0
222,90136851.0,92.0,1.0,1.0,1.0,2.368390805783,0.0,5.0
223,90137887.0,16.0,0.0,2.0,0.0,3.0892585498198,0.0,5.0
224,90138155.0,241.0,3.0,0.0,2.0,-4.9753921540704,0.0,12.0
225,90140324.0,180.0,12.0,1.0,8.0,4.6351945961674,0.0,34.0
226,90140792.0,35.0,0.0,1.0,0.0,0.053098926232532,0.0,26.0
227,90141635.0,124.0,7.0,8.0,2.0,3.9257358233842,0.0,0.0
228,90141707.0,4.0,0.0,0.0,0.0,1.6946457526018,0.0,20.0
229,90142084.0,68.0,0.0,1.0,1.0,-4.4368793004456,0.0,1.0
230,90142864.0,20.0,0.0,0.0,0.0,-0.95642804463402,0.0,0.0
231,90142941.0,36.0,0.0,0.0,1.0,5.0069140972103,0.0,1.0
232,90143460.0,68.0,0.0,0.0,0.0,-1.5974750085549,0.0,0.0
233,90143587.0,46.0,2.0,0.0,2.0,4.4291281594358,0.0,8.0
234,90144798.0,35.0,5.0,2.0,3.0,-0.1032589350884,0.0,40.0
235,90145762.0,146.0,1.0,0.0,0.0,-0.98086770408585,0.0,0.0
236,90145860.0,134.0,139.0,0.0,0.0,5.0123196277337,0.0,3.0
237,90146220.0,29.0,10.0,0.0,0.0,-2.3298514936655,0.0,3.0
238,90146352.0,455.0,13.0,20.0,12.0,2.8823984067425,0.0,4.0
239,90146672.0,493.0,8.0,1.0,13.0,-1.9403424625129,0.0,5.0
240,90148173.0,524.0,1.0,0.0,0.0,-9.6191243617425,0.0,27.0
241,90148881.0,2.0,0.0,0.0,1.0,3.7528396808799,0.0,6.0
242,90149631.0,49.0,2.0,0.0,1.0,5.0032144034704,0.0,0.0
243,90150126.0,348.0,4.0,1.0,22.0,0.50067075591638,0.0,5.0
244,90150247.0,423.0,0.0,0.0,0.0,-1.9220595583191,0.0,1.0
245,90150386.0,41.0,3.0,2.0,1.0,5.0068062138196,0.0,3.0
246,90151113.0,691.0,4.0,0.0,1.0,-0.34246013927106,0.0,67.0
247,90151770.0,35.0,1.0,1.0,0.0,2.7761333038307,0.0,4.0
248,90152571.0,18.0,0.0,0.0,1.0,5.0017322869337,0.0,7.0
249,90153136.0,47.0,6.0,0.0,0.0,4.9268201808623,0.0,1.0
250,90153494.0,41.0,0.0,11.0,18.0,3.7229083875787,0.0,0.0
251,90154854.0,36.0,0.0,0.0,1.0,1.3115828655747,0.0,0.0
252,90154877.0,8.0,0.0,1.0,0.0,5.0010232668304,0.0,25.0
253,90155012.0,14.0,0.0,0.0,0.0,-0.48973869142252,0.0,5.0
254,90155453.0,140.0,0.0,0.0,11.0,5.0057429440124,0.0,0.0
255,90155769.0,254.0,8.0,0.0,15.0,-1.5281890131673,0.0,6.0
256,90156168.0,23.0,11.0,0.0,1.0,1.1664834267742,0.0,0.0
257,90156344.0,28.0,0.0,0.0,1.0,5.1760400301924,0.0,7.0
258,90157083.0,44.0,0.0,0.0,10.0,-1.5459295449448,0.0,5.0
259,90157152.0,26.0,0.0,2.0,3.0,5.0068732963159,0.0,0.0
260,90157397.0,13.0,0.0,0.0,0.0,4.6085957415347,0.0,0.0
261,90158052.0,187.0,0.0,7.0,3.0,-0.086939914442656,0.0,0.0
262,90158742.0,1.0,0.0,0.0,0.0,5.0024974474738,0.0,5.0
263,90158890.0,43.0,0.0,0.0,1.0,4.2870247749402,0.0,0.0
264,90158926.0,29.0,0.0,10.0,0.0,5.000053369946,0.0,4.0
265,90158937.0,3.0,0.0,0.0,0.0,-0.57056791831308,0.0,5.0
266,90159516.0,56.0,2.0,4.0,4.0,5.0068754177773,0.0,1.0
267,90161206.0,72.0,0.0,1.0,1.0,0.21935659108257,0.0,8.0
268,90161247.0,33.0,4.0,0.0,0.0,0.6362582768963,0.0,5.0
269,90162027.0,63.0,0.0,3.0,0.0,1.8931932774762,0.0,27.0
270,90162893.0,22.0,0.0,0.0,0.0,5.0071043609593,0.0,3.0
271,90163143.0,69.0,0.0,1.0,2.0,3.1997735677943,0.0,1.0
272,90164220.0,89.0,0.0,0.0,1.0,0.26381105295355,0.0,3.0
273,90164244.0,90.0,3.0,0.0,7.0,1.2962912941222,0.0,2.0
274,90164322.0,173.0,0.0,0.0,19.0,-1.8206606399948,0.0,3.0
275,90165242.0,188.0,0.0,0.0,0.0,-1.8001752954405,0.0,2.0
276,90165308.0,6.0,0.0,0.0,0.0,1.4159028852774,0.0,5.0
277,90166263.0,69.0,0.0,0.0,0.0,-2.2753241818925,0.0,14.0
278,90166696.0,120.0,0.0,0.0,0.0,-2.8424596921159,0.0,1.0
279,90167922.0,13.0,0.0,0.0,0.0,-0.28545853552254,0.0,5.0
280,90170866.0,6.0,0.0,0.0,0.0,2.0919508680281,0.0,5.0
281,90171451.0,42.0,1.0,7.0,3.0,5.0015519667149,0.0,1.0
282,90171569.0,101.0,2.0,2.0,1.0,5.0038779985308,0.0,1.0
283,90173568.0,292.0,0.0,0.0,30.0,0.104891578553,0.0,0.0
284,90173836.0,238.0,10.0,21.0,5.0,5.0026651418556,0.0,3.0
285,90173969.0,14.0,2.0,25.0,4.0,4.5844872382839,0.0,20.0
286,90174645.0,8.0,1.0,0.0,0.0,4.9189500036814,0.0,3.0
287,90175510.0,156.0,0.0,0.0,0.0,4.3845435475609,0.0,8.0
288,90175916.0,12.0,0.0,4.0,0.0,5.0002617784717,0.0,11.0
289,90177496.0,4.0,0.0,0.0,0.0,4.9393234192445,0.0,1.0
290,90177819.0,9.0,0.0,2.0,0.0,5.000942367442,0.0,5.0
291,90177972.0,365.0,5.0,5.0,0.0,-0.17280838286945,0.0,4.0
292,90178324.0,71.0,0.0,2.0,3.0,0.048120688191249,0.0,0.0
293,90178359.0,134.0,1.0,2.0,1.0,-2.0347790364585,0.0,1.0
294,90178683.0,39.0,0.0,4.0,5.0,3.6818309720093,0.0,10.0
295,90179498.0,256.0,4.0,0.0,0.0,2.5188324219015,0.0,1.0
296,90179605.0,17.0,0.0,3.0,0.0,2.2203846904251,0.0,0.0
297,90180896.0,9.0,0.0,0.0,1.0,1.3586262075283,0.0,8.0
298,90181921.0,277.0,1.0,0.0,9.0,-1.8374733465646,0.0,1.0
299,90182071.0,242.0,0.0,0.0,9.0,5.0221403338542,0.0,4.0
300,90182840.0,43.0,0.0,0.0,0.0,5.0052553277808,0.0,5.0
301,90183152.0,17.0,2.0,0.0,4.0,-0.99021796385654,0.0,7.0
302,90183308.0,17.0,0.0,0.0,0.0,1.1718958040075,0.0,7.0
303,90186339.0,24.0,1.0,5.0,5.0,5.0062292615116,0.0,100.0
304,90186577.0,25.0,0.0,2.0,0.0,-9.9718689157316,0.0,5.0
305,90186920.0,19.0,0.0,1.0,0.0,0.98080005922854,0.0,2.0
306,90187466.0,212.0,14.0,4.0,2.0,1.2418365374315,0.0,6.0
307,90187721.0,62.0,0.0,0.0,0.0,5.0064761951959,0.0,1.0
308,90188241.0,31.0,0.0,1.0,3.0,5.0683864903523,0.0,0.0
309,90188889.0,14.0,0.0,0.0,0.0,5.0006492682656,0.0,1.0
310,90189164.0,41.0,1.0,1.0,0.0,4.9207272386777,0.0,0.0
311,90189632.0,9.0,1.0,0.0,0.0,-2.3777754186088,0.0,18.0
312,90189808.0,1.0,2.0,3.0,0.0,0.26976684592997,0.0,25.0
313,90190512.0,5.0,0.0,1.0,0.0,5.0100825799391,0.0,6.0
314,90190575.0,4.0,0.0,0.0,0.0,4.9994572166251,0.0,10.0
315,90191571.0,71.0,1.0,1.0,0.0,5.002090688015,0.0,2.0
316,90191578.0,86.0,6.0,4.0,1.0,5.0082421471849,0.0,0.0
317,90193206.0,10.0,0.0,1.0,0.0,1.4711168938501,0.0,5.0
318,90196836.0,106.0,2.0,0.0,1.0,-4.5912138455283,0.0,5.0
319,90197179.0,47.0,1.0,0.0,2.0,-1.3973590882742,0.0,15.0
320,90197844.0,194.0,0.0,0.0,3.0,3.6687442849512,0.0,0.0
321,90197970.0,376.0,0.0,0.0,2.0,2.9789289694867,0.0,2.0
322,90198338.0,261.0,1.0,2.0,0.0,5.0121981183695,0.0,1.0
323,90199911.0,202.0,1.0,1.0,1.0,3.4808465555724,0.0,6.0
324,90200453.0,46.0,14.0,16.0,2.0,3.7107638133038,0.0,55.0
325,90200515.0,6.0,0.0,1.0,0.0,5.006204597294,0.0,33.0
326,90201872.0,22.0,5.0,2.0,3.0,3.7220917178594,0.0,9.0
327,90202618.0,20.0,2.0,2.0,3.0,5.0012644549341,0.0,5.0
328,90204359.0,4.0,0.0,0.0,0.0,1.2923120681737,0.0,42.0
329,90204495.0,2761.0,0.0,5.0,6.0,-9.898942869581,0.0,6.0
330,90205093.0,202.0,0.0,0.0,1.0,5.0010398825902,0.0,7.0
331,90206438.0,24.0,0.0,0.0,1.0,4.4003158446897,0.0,3.0
332,90206528.0,318.0,4.0,0.0,12.0,1.7748891740072,0.0,0.0
333,90206693.0,53.0,0.0,0.0,0.0,4.3540336284713,0.0,10.0
334,90206916.0,601.0,0.0,1.0,7.0,-8.1712179631761,0.0,2.0
335,90207979.0,235.0,4.0,0.0,1.0,-1.4443746566801,0.0,1.0
336,90208148.0,280.0,2.0,5.0,4.0,-1.9124107068877,0.0,4.0
337,90208403.0,3.0,0.0,0.0,0.0,-0.035147102800584,0.0,5.0
338,90208636.0,7.0,0.0,0.0,0.0,4.2458426879943,0.0,5.0
339,90209240.0,533.0,1.0,0.0,1.0,0.63265464173873,0.0,1.0
340,90209728.0,161.0,1.0,0.0,0.0,3.3055908731357,0.0,19.0
341,90210226.0,47.0,0.0,2.0,11.0,3.9452708228091,0.0,0.0
342,90211685.0,43.0,1.0,4.0,0.0,3.5820059258023,0.0,0.0
343,90212679.0,134.0,1.0,0.0,0.0,3.1245713245405,0.0,4.0
344,90212809.0,101.0,1.0,3.0,3.0,5.0003808663252,0.0,0.0
345,90214093.0,14.0,0.0,0.0,0.0,3.1879935437077,0.0,6.0
346,90214243.0,463.0,1.0,1.0,14.0,-9.4610017304347,0.0,2.0
347,90214729.0,101.0,1.0,8.0,0.0,5.0022390541584,0.0,5.0
348,90214861.0,121.0,0.0,0.0,0.0,2.9571446661447,0.0,5.0
349,90216176.0,0.0,0.0,1.0,0.0,-1.192284357662,0.0,100.0
350,90216344.0,36.0,1.0,0.0,0.0,3.9445965065472,0.0,1.0
351,90216786.0,88.0,0.0,4.0,0.0,5.0048202047482,0.0,0.0
352,90217711.0,4.0,0.0,1.0,0.0,1.1778387131451,0.0,75.0
353,90218543.0,281.0,1.0,0.0,1.0,-0.26369313694692,0.0,0.0
354,90219685.0,909.0,0.0,2.0,28.0,-0.44064528105916,0.0,10.0
355,90219838.0,20.0,0.0,0.0,0.0,-0.95193271877222,0.0,5.0
356,90220288.0,64.0,0.0,0.0,0.0,0.18875857369818,0.0,2.0
357,90221022.0,45.0,0.0,8.0,21.0,5.0020098289588,0.0,5.0
358,90221220.0,35.0,20.0,6.0,13.0,0.27347788990735,0.0,4.0
359,90221303.0,241.0,11.0,0.0,3.0,5.0065777436802,0.0,0.0
360,90221655.0,12.0,0.0,2.0,1.0,4.7581222657853,0.0,37.0
361,90222257.0,448.0,5.0,0.0,9.0,4.8461463014476,0.0,22.0
362,90224584.0,318.0,2.0,1.0,13.0,-8.4001279638427,0.0,0.0
363,90224627.0,1.0,1.0,0.0,0.0,0.86521293817445,0.0,5.0
364,90224776.0,26.0,1.0,3.0,2.0,5.0043402399408,0.0,3.0
365,90224809.0,174.0,2.0,0.0,4.0,4.1795791664805,0.0,22.0
366,90224925.0,64.0,3.0,0.0,0.0,5.0033182714985,0.0,2.0
367,90225228.0,38.0,2.0,0.0,1.0,5.0200994456561,0.0,0.0
368,90226729.0,276.0,3.0,2.0,5.0,-1.3710993549335,0.0,4.0
369,90227592.0,10.0,0.0,0.0,0.0,1.3419218000757,0.0,4.0
370,90228364.0,701.0,0.0,196.0,70.0,-0.70503835025549,0.0,5.0
371,90229226.0,96.0,2.0,0.0,1.0,-9.05980932559,0.0,2.0
372,90230332.0,13.0,0.0,0.0,3.0,0.5951253544422,0.0,22.0
373,90230509.0,148.0,0.0,1.0,0.0,-9.9313774999726,0.0,29.0
374,90231258.0,240.0,0.0,1.0,1.0,-5.9318397621194,0.0,6.0
375,90231682.0,65.0,0.0,0.0,0.0,5.0039952384646,0.0,23.0
376,90232394.0,86.0,1.0,0.0,0.0,4.8659000111884,0.0,4.0
377,90232669.0,32.0,1.0,9.0,0.0,5.0006264914703,0.0,6.0
378,90233350.0,38.0,0.0,0.0,0.0,5.0066565826821,0.0,4.0
379,90233541.0,5.0,0.0,0.0,0.0,0.61033640610409,0.0,16.0
380,90233904.0,19.0,0.0,0.0,8.0,1.7314217151617,0.0,7.0
381,90234382.0,228.0,0.0,2.0,16.0,-0.34295445956349,0.0,0.0
382,90234584.0,36.0,0.0,0.0,0.0,5.0043125251073,0.0,5.0
383,90236497.0,13.0,0.0,2.0,0.0,5.0081521705905,0.0,12.0
384,90236828.0,232.0,0.0,2.0,1.0,-2.4852159359072,0.0,5.0
385,90237105.0,28.0,1.0,0.0,7.0,4.0419859198844,0.0,5.0
386,90237527.0,57.0,0.0,1.0,4.0,0.61677259752012,0.0,2.0
387,90237618.0,13.0,1.0,0.0,0.0,-2.1103002781449,0.0,51.0
388,90238191.0,229.0,0.0,0.0,3.0,1.1435008471835,0.0,1.0
389,90239585.0,134.0,7.0,0.0,2.0,5.0007218092768,0.0,1.0
390,90239593.0,48.0,0.0,5.0,0.0,2.1912605668137,0.0,4.0
391,90240254.0,4.0,0.0,0.0,0.0,0.56120452517379,0.0,13.0
392,90240468.0,37.0,0.0,0.0,0.0,5.0005845978052,0.0,25.0
393,90242626.0,410.0,0.0,2.0,0.0,5.0020124213393,0.0,3.0
394,90243503.0,22.0,0.0,0.0,2.0,5.003011239813,0.0,5.0
395,90245817.0,184.0,1.0,0.0,17.0,5.0652192183486,0.0,0.0
396,90246937.0,7.0,0.0,0.0,0.0,-0.61954805230839,0.0,11.0
397,90248052.0,316.0,2.0,4.0,1.0,5.0034720338513,0.0,5.0
398,90248895.0,18.0,0.0,0.0,1.0,5.0145555745701,0.0,9.0
399,90248952.0,9.0,0.0,0.0,0.0,-1.142270549687,0.0,5.0
400,90251026.0,217.0,2.0,0.0,1.0,5.0067090534174,0.0,1.0
401,90251806.0,133.0,0.0,4.0,10.0,-1.9437139318327,0.0,10.0
402,90253251.0,13.0,0.0,1.0,2.0,5.0017200161936,0.0,100.0
403,90253414.0,30.0,0.0,0.0,0.0,2.0951405133747,0.0,26.0
404,90255909.0,266.0,7.0,4.0,2.0,5.0007876311856,0.0,8.0
405,90256207.0,20.0,0.0,7.0,2.0,5.0083387955225,0.0,10.0
406,90256830.0,2.0,0.0,1.0,0.0,5.0438829768579,0.0,100.0
407,90258833.0,16.0,0.0,0.0,0.0,5.0003294600553,0.0,6.0
408,90259542.0,7.0,0.0,0.0,0.0,5.000379957111,0.0,33.0
409,90259753.0,75.0,1.0,0.0,0.0,-3.5563638720093,0.0,2.0
410,90260622.0,46.0,0.0,0.0,1.0,0.32363888629351,0.0,6.0
411,90261251.0,12.0,0.0,0.0,0.0,0.02334388650877,0.0,16.0
412,90262222.0,91.0,4.0,0.0,1.0,2.8835411770236,0.0,1.0
413,90263651.0,65.0,2.0,2.0,14.0,0.66706004628223,0.0,2.0
414,90264453.0,357.0,6.0,4.0,7.0,2.2305180991629,0.0,7.0
415,90265076.0,105.0,0.0,0.0,1.0,-0.80084465856288,0.0,1.0
416,90265329.0,174.0,0.0,3.0,0.0,5.0129221823819,0.0,1.0
417,90266283.0,51.0,2.0,1.0,4.0,3.6906979392083,0.0,3.0
418,90267232.0,15.0,0.0,0.0,0.0,5.0041899228722,0.0,6.0
419,90267480.0,138.0,18.0,0.0,9.0,1.2704995597916,0.0,8.0
420,90271184.0,376.0,1.0,0.0,6.0,3.7927400732242,0.0,5.0
421,90272152.0,30.0,0.0,0.0,0.0,4.8361978538732,0.0,2.0
422,90272489.0,196.0,0.0,6.0,5.0,-0.13888773212297,0.0,0.0
423,90272529.0,215.0,1.0,1.0,4.0,-1.432226623292,0.0,1.0
424,90272751.0,7.0,0.0,0.0,0.0,5.0061840997311,0.0,5.0
425,90273936.0,33.0,9.0,0.0,2.0,-1.8464285879089,0.0,8.0
426,90274533.0,43.0,48.0,6.0,0.0,2.008901262547,0.0,32.0
427,90274967.0,56.0,0.0,0.0,2.0,2.438159129711,0.0,0.0
428,90275376.0,209.0,0.0,0.0,2.0,3.7178809065176,0.0,0.0
429,90275778.0,277.0,1.0,0.0,3.0,-3.0429425056483,0.0,9.0
430,90276968.0,26.0,0.0,0.0,0.0,5.0102303011483,0.0,5.0
431,90277086.0,133.0,3.0,4.0,0.0,-1.0500777431818,0.0,3.0
432,90277183.0,138.0,0.0,0.0,0.0,-9.8634328393876,0.0,13.0
433,90277223.0,8.0,2.0,1.0,3.0,0.65520923175403,0.0,2.0
434,90278165.0,5.0,0.0,0.0,0.0,5.0041600703414,0.0,33.0
435,90278678.0,119.0,0.0,0.0,0.0,-2.7257859120884,0.0,9.0
436,90279426.0,11.0,1.0,0.0,0.0,1.8924204423568,0.0,5.0
437,90279507.0,22.0,0.0,4.0,1.0,0.2685922183181,0.0,28.0
438,90279880.0,213.0,0.0,0.0,0.0,-9.9999807862254,0.0,4.0
439,90280617.0,14.0,0.0,0.0,0.0,-1.397494112853,0.0,6.0
440,90280695.0,154.0,18.0,12.0,1.0,5.0066177153291,0.0,2.0
441,90281319.0,95.0,0.0,0.0,2.0,5.0059045951104,0.0,0.0
442,90281563.0,7.0,0.0,0.0,1.0,5.0011866035222,0.0,0.0
443,90282315.0,469.0,6.0,0.0,18.0,-7.5759219086083,0.0,4.0
444,90282336.0,35.0,0.0,1.0,2.0,5.0032162120402,0.0,1.0
445,90282383.0,11.0,0.0,3.0,1.0,5.0044017697259,0.0,1.0
446,90284044.0,49.0,0.0,0.0,0.0,1.7966004394043,0.0,24.0
447,90284616.0,121.0,4.0,0.0,2.0,5.0028923323659,0.0,0.0
448,90284756.0,29.0,0.0,3.0,1.0,-0.93824697967958,0.0,2.0
449,90285531.0,76.0,2.0,7.0,0.0,4.3122015152629,0.0,26.0
450,90286690.0,81.0,1.0,2.0,0.0,5.0024584065009,0.0,7.0
451,90287209.0,75.0,0.0,1.0,0.0,5.0042990521502,0.0,1.0
452,90287234.0,156.0,1.0,0.0,0.0,-1.1814006468263,0.0,0.0
453,90288778.0,119.0,2.0,0.0,0.0,5.0046543360424,0.0,3.0
454,90289183.0,70.0,0.0,0.0,0.0,5.0462415010033,0.0,3.0
455,90290183.0,188.0,10.0,3.0,0.0,-0.70532495968569,0.0,4.0
